number,time,time2,company_name,ticker,person,share_1,share_2,price_1,amount_1,amount_2,total_owned1,total_owned_2,total_owned3,total_owned4,if,,
1,2021-05-19Sale,2021-05-214:00 pm,Interactive Brokers Group Inc.,IBKR,Peterffy ThomasChairman,40,0,$66.33,$2,653,124,7,587,511(Direct),View,,
2,2021-05-20Sale,2021-05-214:00 pm,MOODYS CORP,MCO,Kaye MarkCFO,2,335,$325.08,$759,62,5,989(Direct),View,,,,
3,2021-05-20Sale,2021-05-214:01 pm,QUALCOMM INC,QCOM,POLEK ERIN LCAO,1,835,$132,$242,220,5,570(Direct),View,,,,
4,2021-05-20Sale,2021-05-214:02 pm,Repare Therapeutics Inc.,RPTX,Segal Lloyd MitchellCEO,3,770,$35.03,$132,65,138,584(IndirectDirect),View,,,,
5,2021-05-19Sale,2021-05-214:02 pm,CORNING INC,GLW,Bell Michael AlanVP,2,705,$42.82,$115,840,667(IndirectDirect),View,,,,,
6,2021-05-19Sale,2021-05-214:03 pm,CORNING INC,GLW,France Robert P.VP,3,713,$42.79,$158,863,30,000(Direct),View,,,,
7,2021-05-12Sale,2021-05-214:07 pm,HIGHWOODS PROPERTIES Inc,HIW,Hartzell David JohnDirector,1,262,$43.74,$55,197,25,163(Direct),View,,,,
8,2021-05-20Sale,2021-05-214:07 pm,AMERICOLD REALTY TRUST,COLD,Harron James AndrewCIO,6,0,$37.98,$227,910,8,358(Direct),View,,,,
9,2021-05-19Sale,2021-05-214:09 pm,SiteOne Landscape Supply Inc.,SITE,Weller GregVP,1,0,$170.4,$170,400,12,168(Direct),View,,,,
10,2021-05-19Sale,2021-05-214:10 pm,GENESCO INC,GCO,MASON KATHLEENDirector,250,$54.73,$13,683,46,392(Direct),View,,,,,
11,2021-05-19Sale,2021-05-214:11 pm,CrowdStrike Holdings Inc.,CRWD,Carpenter Michael J.President,25,0,$196.09,$4,902,199,293,632(Direct),View,,,
12,2021-05-21Sale,2021-05-214:11 pm,SUNLINK HEALTH SYSTEMS INC,SSY,TURNER HOWARD EDirector,100,0,$2.86,$286,0,281,675(IndirectDirect),View,,,,
13,2021-05-19Sale,2021-05-214:11 pm,XPEL Inc.,XPEL,Crumly Richard K.Director10% Owner,22,700,$75.54,$1,714,653,4,95,199(Indirect),View,,
14,2021-05-19Sale,2021-05-214:12 pm,Priority Technology Holdings Inc.,PRTH,Kiewiet SeanCTO,45,455,$6.6,$300,3,1,816,204(Direct),View,,,
15,2021-05-19Sale,2021-05-214:14 pm,AKAMAI TECHNOLOGIES INC,AKAM,Greenthal Jill ADirector,5,45,$112.32,$566,654,34,217(Direct),View,,,,
16,2021-05-19Sale,2021-05-214:15 pm,Squarespace Inc.,SQSP,Index Ventures Growth I (Jersey) L.P.Index Ventures Growth I Parallel Entrepreneur Fund (Jersey) L.P.Yucca (Jersey) SLPIndex Venture Growth Associates I Ltd10% Owner,194,606,$48,$9,341,88,96,327(Direct),View,,,
17,2021-05-20Sale,2021-05-214:15 pm,Oak Street Health Inc.,OSH,GUENTHNER ROBERTChief Legal Officer,5,902,$62.82,$370,745,531,692(Direct),View,,,,
18,2021-05-20Sale,2021-05-214:15 pm,Oak Street Health Inc.,OSH,PRICE GEOFFREY MCOO,65,478,$63.19,$4,137,227,6,751,810(IndirectDirect),View,,
19,2021-05-20Sale,2021-05-214:16 pm,JUNIPER NETWORKS INC,JNPR,DENUCCIO KEVIN ADirector,15,8,$26.56,$398,632,20,000(Direct),View,,,,
20,2021-05-20Sale,2021-05-214:17 pm,Cambium Networks Corp,CMBM,Sheppeck BryanVP,1,500,$52,$78,0,53,334(Direct),View,,,,
21,2021-05-21Sale,2021-05-214:17 pm,Atkore Inc.,ATKR,James Wilbert W JrDirector,4,126,$77.74,$320,740,14,239(Direct),View,,,,
22,2021-05-21Sale,2021-05-214:18 pm,CARTERS INC,CRI,Robinson AntonioVP,692,$101.65,$70,342,9,352(Direct),View,,,,,
23,2021-05-19Sale,2021-05-214:18 pm,Moderna Inc.,MRNA,Bancel StephaneCEO,19,0,$157.94,$3,0,860,22,779,228(IndirectDirect),View,,
24,2021-05-20Sale,2021-05-214:18 pm,SUN COMMUNITIES INC,SUI,Dearing KarenCFO,14,899,$165,$2,458,335,172,243(IndirectDirect),View,,,
25,2021-05-20Sale,2021-05-214:19 pm,AMERICOLD REALTY TRUST,COLD,Heistand James RDirector,30,0,$37.8,$1,134,0,32,506(Direct),View,,,
26,2021-05-19Sale,2021-05-214:19 pm,HARVARD BIOSCIENCE INC,HBIO,Green James WCEO,54,64,$7.1315,$385,556,3,48,658(Direct),View,,,
27,2021-05-20Sale,2021-05-214:19 pm,GAMCO INVESTORS Inc,GBL,Associated Capital Group Inc.GABELLI MARIO JGGCP Holdings LLCGGCP Inc10% Owner,24,697,$27.24,$672,675,1,784,499(Direct),View,,,
28,2021-05-19Sale,2021-05-214:19 pm,TRANSCAT INC,TRNS,Rudow Lee D.CEO,50,0,$55.99,$2,799,500,186,628(Direct),View,,,
29,2021-05-21Sale,2021-05-214:20 pm,Cohen & Co Inc.,COHN,Listman DouglasCAO,8,507,$24.69,$210,23,5,000(Direct),View,,,,
30,2021-05-19Sale,2021-05-214:20 pm,Duke Energy CORP,DUK,Jamil Dhiaa M.COO,7,0,$100.18,$701,263,45,481(Direct),View,,,,
31,2021-05-19Sale,2021-05-214:21 pm,Duke Energy CORP,DUK,MCKEE E MARIEDirector,3,583,$101.11,$362,277,0(Direct),View,,,,,
32,2021-05-20Sale,2021-05-214:23 pm,Moderna Inc.,MRNA,HENDERSON LORI M.General Counsel and Secretary,6,600,$159.92,$1,55,472,342,453(Direct),View,,,
33,2021-05-20Sale,2021-05-214:23 pm,Mr. Cooper Group Inc.,COOP,GIDEL ROBERT HDirector,6,905,$33.13,$228,763,67,132(IndirectDirect),View,,,,
34,2021-05-20Sale,2021-05-214:26 pm,PROCTER & GAMBLE Co,PG,Taylor David SCEOChairman,56,202,$138.5,$7,784,129,272,310(IndirectDirect),View,,,
35,2021-05-19Sale,2021-05-214:28 pm,Qorvo Inc.,QRVO,BRUGGEWORTH ROBERT ACEO,13,535,$170.75,$2,311,124,179,564(Direct),View,,,
36,2021-05-19Sale,2021-05-214:30 pm,Targa Resources Corp.,TRGP,TONG CHRISDirector,8,0,$38,$304,0,92,012(IndirectDirect),View,,,,
37,2021-05-20Sale,2021-05-214:30 pm,CHUY'S HOLDINGS Inc,CHUY,Mountford JohnCOO,11,398,$42,$478,716,3,850(Direct),View,,,,
38,2021-05-19Sale,2021-05-214:31 pm,Tenable Holdings Inc.,TENB,Riddick Stephen AGeneral Counsel & Secretary,1,869,$40.35,$75,414,67,145(Direct),View,,,,
39,2021-05-19Sale,2021-05-214:31 pm,Tenable Holdings Inc.,TENB,Vintz Stephen ACFO,4,151,$40.35,$167,493,177,464(Direct),View,,,,
40,2021-05-20Sale,2021-05-214:31 pm,IPG PHOTONICS CORP,IPGP,IP FIBRE DEVICES LTD10% Owner,15,57,$201.41,$3,32,591,6,964,004(Direct),View,,
41,2021-05-19Sale,2021-05-214:32 pm,Tenable Holdings Inc.,TENB,Yoran AmitCEOChairman,6,455,$40.35,$260,459,1,236,406(IndirectDirect),View,,,
42,2021-05-19Sale,2021-05-214:32 pm,SPRUCE BIOSCIENCES Inc,SPRB,Novo Holdings A/S10% Owner,475,0,$13.9,$6,602,500,4,514,336(Direct),View,,
43,2021-05-19Sale,2021-05-214:32 pm,Datadog Inc.,DDOG,Agarwal AmitChief Product Officer,23,200,$83.69,$1,941,624,3,94,195(IndirectDirect),View,,
44,2021-05-19Sale,2021-05-214:32 pm,NORTHWEST PIPE CO,NWPX,ROMAN RICHARD ADirector,3,0,$32.22,$96,671,39,457(Direct),View,,,,
45,2021-05-19Sale,2021-05-214:33 pm,Datadog Inc.,DDOG,OBSTLER DAVID MCFO,5,0,$85.26,$426,280,243,230(IndirectDirect),View,,,,
46,2021-05-19Sale,2021-05-214:33 pm,HyreCar Inc.,HYRE,Park HenryCOO,35,0,$16.53,$578,447,167,365(Direct),View,,,,
47,2021-05-19Sale,2021-05-214:34 pm,Univar Solutions Inc.,UNVR,NEWLIN STEPHEN DDirector,11,61,$27,$298,647,251,596(IndirectDirect),View,,,,
48,2021-05-19Sale,2021-05-214:34 pm,Datadog Inc.,DDOG,Fougere DanChief Revenue Officer,11,0,$85.02,$935,200,630,293(Direct),View,,,,
49,2021-05-19Sale,2021-05-214:34 pm,Adicet Bio Inc.,ACET,Schor ChenCEO,16,466,$13.45,$221,436,107,800(Indirect),View,,,,
50,2021-05-20Sale,2021-05-214:34 pm,Cardlytics Inc.,CDLX,Christiansen AndrewCFO,250,$99,$24,750,12,627(Direct),View,,,,,
51,2021-05-20Sale,2021-05-214:35 pm,Neenah Inc,NP,Brownlee Larry NewtonVP,553,$53.86,$29,785,18,331(Direct),View,,,,,
52,2021-05-20Sale,2021-05-214:35 pm,Intercontinental Exchange Inc.,ICE,CRISP CHARLES RDirector,7,629,$112.29,$856,660,48,602(IndirectDirect),View,,,,
53,2021-05-20Sale,2021-05-214:35 pm,Riley Exploration Permian Inc.,REPX,Riley Corey NeilVP,2,800,$33.86,$94,817,54,380(Direct),View,,,,
54,2021-05-20Sale,2021-05-214:36 pm,Intercontinental Exchange Inc.,ICE,SPRIESER JUDITH ADirector,890,$112.17,$99,835,29,326(Direct),View,,,,,
55,2021-05-20Sale,2021-05-214:36 pm,Professional Holding Corp.,PFHD,Garcia Carlos M.Director,3,928,$18.19,$71,450,482,106(IndirectDirect),View,,,,
56,2021-05-21Sale,2021-05-214:36 pm,U.S. CONCRETE Inc,USCR,Sutherland Colin McGillDirector,200,$55.58,$11,116,15,259(Direct),View,,,,,
57,2021-05-14Sale,2021-05-214:38 pm,CONTINENTAL RESOURCES INC,CLR,MCCAIN ELLIS LDirector,27,238,$30.68,$835,662,33,125(Direct),View,,,,
58,2021-05-20Sale,2021-05-214:39 pm,Zoetis Inc.,ZTS,Knupp Catherine A.VP,8,283,$175.16,$1,450,850,53,642(Direct),View,,,
59,2021-05-19Sale,2021-05-214:40 pm,Unity Software Inc.,U,OTEE 2020 ApSHelgason DavidAnte Joachim Christoph10% Owner,240,0,$89.11,$21,387,265,29,299,539(IndirectDirect),View,,
60,2021-05-21Sale,2021-05-214:40 pm,AXCELIS TECHNOLOGIES INC,ACLS,Lawson Douglas A.VP,5,829,$40.28,$234,792,47,852(Direct),View,,,,
61,2021-05-19Sale,2021-05-214:41 pm,National Vision Holdings Inc.,EYE,FAHS L READECEO,160,828,$48.23,$7,757,40,2,35,182(IndirectDirect),View,,
62,2021-05-19Sale,2021-05-214:41 pm,Zoetis Inc.,ZTS,Lagano RoxanneVP,6,0,$169.05,$1,14,300,154,129(Direct),View,,,
63,2021-05-20Sale,2021-05-214:46 pm,ARDELYX Inc,ARDX,Blanks RobertSee Remarks,612,$7.0878,$4,338,106,954(Direct),View,,,,,
64,2021-05-20Sale,2021-05-214:46 pm,ARDELYX Inc,ARDX,GRAMMER ELIZABETH ASee Remarks,508,$7.0878,$3,601,105,883(IndirectDirect),View,,,,,
65,2021-05-20Sale,2021-05-214:46 pm,STATE STREET CORP,STT,Appleyard IanCAO,3,800,$84.59,$321,442,16,458(Direct),View,,,,
66,2021-05-20Sale,2021-05-214:47 pm,STATE STREET CORP,STT,PHELAN DAVID CVP,50,0,$84.3,$4,215,0,61,553(Direct),View,,,
67,2021-05-20Sale,2021-05-214:47 pm,ARDELYX Inc,ARDX,Jacobs Jeffrey WChief Scientific Officer,721,$7.0878,$5,110,124,051(Direct),View,,,,,
68,2021-05-20Sale,2021-05-214:47 pm,ARDELYX Inc,ARDX,RAAB MICHAELCEO,2,534,$7.0878,$17,960,240,118(IndirectDirect),View,,,,
69,2021-05-20Sale,2021-05-214:48 pm,ARDELYX Inc,ARDX,Renz Justin ACFO,612,$7.0878,$4,338,40,678(Direct),View,,,,,
70,2021-05-20Sale,2021-05-214:49 pm,ARDELYX Inc,ARDX,Rodriguez SusanChief Commercial Officer,611,$7.0878,$4,331,45,303(Direct),View,,,,,
71,2021-05-20Sale,2021-05-214:49 pm,ARDELYX Inc,ARDX,Rosenbaum David P.Chief Development Officer,769,$7.0878,$5,451,266,839(IndirectDirect),View,,,,,
72,2021-05-19Sale,2021-05-214:49 pm,TRINET GROUP Inc,TNET,BINGHAM H RAYMONDDirector,830,$77.21,$64,85,103,669(IndirectDirect),View,,,,,
73,2021-05-19Sale,2021-05-214:54 pm,Spirit of Texas Bancshares Inc.,STXB,Kidd Steven GregoryDirector10% Owner,45,542,$23.01,$1,47,980,1,906,855(IndirectDirect),View,,
74,2021-05-20Sale,2021-05-214:54 pm,Avantor Inc.,AVTR,Brophy GerardVP,19,603,$31.1,$609,653,149,379(Direct),View,,,,
75,2021-05-20Sale,2021-05-214:55 pm,RANGE RESOURCES CORP,RRC,VENTURA JEFFREY LCEO,105,0,$14.01,$1,471,50,2,629,872(IndirectDirect),View,,
76,2021-05-20Sale,2021-05-214:55 pm,Avantor Inc.,AVTR,Couturier ChristopheVP,25,10,$31.13,$778,561,138,173(Direct),View,,,,
77,2021-05-20Sale,2021-05-214:55 pm,Avantor Inc.,AVTR,Miller JustinVP,18,488,$31.12,$575,347,86,536(Direct),View,,,,
78,2021-05-19Sale,2021-05-214:55 pm,MediaAlpha Inc.,MAX,Perine RobertVP,4,100,$37.42,$153,404,11,214(Direct),View,,,,
79,2021-05-20Sale,2021-05-214:56 pm,RANGE RESOURCES CORP,RRC,Scucchi MarkCFO,67,864,$13.88,$942,142,503,168(IndirectDirect),View,,,,
80,2021-05-20Sale,2021-05-214:57 pm,RANGE RESOURCES CORP,RRC,Degner DennisCOO,41,680,$14.01,$583,937,533,229(IndirectDirect),View,,,,
81,2021-05-19Sale,2021-05-214:57 pm,Elevate Credit Inc.,ELVT,Head Tyler W. K.Director,112,384,$3.5979,$404,348,645,252(IndirectDirect),View,,,,
82,2021-05-19Sale,2021-05-214:58 pm,NEWMONT Corp,NEM,Rhodes BlakeVP,3,0,$75,$225,0,51,311(Direct),View,,,,
83,2021-05-19Sale,2021-05-214:59 pm,NEWMONT Corp,NEM,Lipson NancyVP,2,775,$75,$208,125,27,350(Direct),View,,,,
84,2021-05-20Sale,2021-05-215:00 pm,Installed Building Products Inc.,IBP,Elliott Jay P.COO,14,612,$116.09,$1,696,330,23,393(Direct),View,,,
85,2021-05-20Sale,2021-05-215:00 pm,RANGE RESOURCES CORP,RRC,Poole David PVP,82,87,$14.04,$1,152,799,908,755(IndirectDirect),View,,,
86,2021-05-19Sale,2021-05-215:01 pm,CarGurus Inc.,CARG,Steinert LangleyChairman10% Owner,31,98,$27.85,$866,199,1,234,382(IndirectDirect),View,,,
87,2021-05-19Sale,2021-05-215:01 pm,Cornerstone OnDemand Inc,CSOD,Goldin MarkCTO,22,442,$45.17,$1,13,787,104,241(Direct),View,,,
88,2019-06-21Sale,2021-05-215:01 pm,New York City REIT Inc.,NYC,Elman Lee MDirector,1,615,$13.61,$21,983,10,016(Direct),View,,,,
89,2021-05-20Sale,2021-05-215:01 pm,RANGE RESOURCES CORP,RRC,Ginn DoriVP,25,328,$14.01,$354,845,403,801(IndirectDirect),View,,,,
90,2021-05-19Sale,2021-05-215:05 pm,CDW Corp,CDW,CORLEY CHRISTINA MSee Remarks,3,989,$164.92,$657,866,64,535(Direct),View,,,,
91,2021-05-20Sale,2021-05-215:05 pm,CarGurus Inc.,CARG,Parafestas AnastasiosDirector,10,0,$27.93,$279,323,4,443,673(IndirectDirect),View,,,
92,2021-05-20Sale,2021-05-215:06 pm,Sprague Resources LP,SRLP,Weego Brian W.See Remarks,10,0,$24.58,$245,808,33,599(Direct),View,,,,
93,2021-05-19Sale,2021-05-215:08 pm,Black Stone Minerals L.P.,BSM,Putman Luke StevensVP,50,0,$9.82,$491,0,465,956(Direct),View,,,,
94,2021-05-20Sale,2021-05-215:11 pm,International Seaways Inc.,INSW,Pribor JeffreyCFO,3,500,$19.63,$68,704,48,164(Direct),View,,,,
95,2021-05-20Sale,2021-05-215:15 pm,AMKOR TECHNOLOGY Inc,AMKR,Faust MeganCFO,5,0,$19.82,$99,85,34,344(Direct),View,,,,
96,2021-05-19Sale,2021-05-215:16 pm,ALPINE IMMUNE SCIENCES Inc,ALPN,GOLD MITCHELLCEOChairman10% Owner,52,186,$15.03,$784,233,3,178,833(IndirectDirect),View,,,
97,2021-05-21Sale,2021-05-215:16 pm,Blackstone Group Inc,BX,Finley John GChief Legal Officer,36,0,$90.57,$3,260,520,386,012(IndirectDirect),View,,,
98,2021-05-19Sale,2021-05-215:16 pm,Fastly Inc.,FSLY,Bergman ArturChairmanChief Architect Exec. Chair10% Owner,18,945,$42.75,$809,805,299,521(Direct),View,,,,
99,2021-05-21Sale,2021-05-215:18 pm,Sprague Resources LP,SRLP,Weego Brian W.See Remarks,11,599,$24.75,$287,75,22,000(Direct),View,,,,
100,2021-05-19Sale,2021-05-215:19 pm,Atlantic Avenue Acquisition Corp,ASAQ,GLAZER CAPITAL LLCGLAZER PAUL J10% Owner,67,357,$9.9966,$673,344,2,577,244(Indirect),View,,,
101,2021-05-19Sale,2021-05-215:19 pm,MEDIFAST INC,MED,SCHLACKMAN SCOTTDirector,1,0,$310.23,$310,232,5,135(Direct),View,,,,
102,2021-05-20Sale,2021-05-215:21 pm,Adient plc,ADNT,Dorlack Jerome J.VP,4,500,$46.58,$209,611,117,672(Direct),View,,,,
103,2021-05-20Sale,2021-05-215:23 pm,NMI Holdings Inc.,NMIH,Mathis Patrick LCOO,23,157,$23.8,$551,194,51,537(Direct),View,,,,
104,2021-05-19Sale,2021-05-215:24 pm,Neoleukin Therapeutics Inc.,NLTX,Walkey CarlVP,600,$10.63,$6,378,1,355,539(Direct),View,,,,
105,2021-05-20Sale,2021-05-215:25 pm,Pulmonx Corp,LUNG,French Glendon E. IIICEO,26,0,$41.91,$1,89,530,1,226,455(IndirectDirect),View,,
106,2021-05-19Sale,2021-05-215:25 pm,Fathom Holdings Inc.,FTHM,Sampson Glenn A.Director10% Owner,51,141,$32.07,$1,640,126,2,309,459(Direct),View,,
107,2021-05-19Sale,2021-05-215:28 pm,Trade Desk Inc.,TTD,GRAYSON BLAKE JEFFREYCFO,67,$500,$33,500,21,319(Direct),View,,,,,
108,2021-05-20Sale,2021-05-215:28 pm,HARROW HEALTH Inc,HROW,LINDSTROM RICHARD L MDDirector,10,0,$10.75,$107,500,190,000(IndirectDirect),View,,,,
109,2021-05-20Sale,2021-05-215:31 pm,EDUCATIONAL DEVELOPMENT CORP,EDUC,MCDANIEL RONALD TDirector,1,0,$14.52,$14,520,2,650(Direct),View,,,,
110,2021-05-21Sale,2021-05-215:36 pm,ESTABLISHMENT LABS HOLDINGS Inc,ESTA,De Mezerville RobertoCTO,3,866,$75.26,$290,949,108,044(Direct),View,,,,
111,2021-05-20Sale,2021-05-215:37 pm,ESTABLISHMENT LABS HOLDINGS Inc,ESTA,Gaeta ReneeCFO,9,100,$74.64,$679,261,277,080(Direct),View,,,,
112,2021-05-20Sale,2021-05-215:38 pm,PMV Pharmaceuticals Inc.,PMVP,LEVINE ARNOLD JDirector,3,500,$34.51,$120,768,423,842(Direct),View,,,,
113,2021-05-19Sale,2021-05-215:41 pm,Sprout Social Inc.,SPT,Rankin Aaron Edward FrederickCTO10% Owner,34,0,$58.95,$2,4,288,7,29,800(IndirectDirect),View,,
114,2021-05-20Sale,2021-05-215:42 pm,Medallia Inc.,MDLA,Stretch LeslieCEO,30,830,$25.72,$792,852,981,418(Direct),View,,,,
115,2021-05-20Sale,2021-05-215:47 pm,READING INTERNATIONAL INC,RDI,COTTER ELLEN MCEO10% Owner,8,0,$6.0959,$48,767,2,243,314(IndirectDirect),View,,,
116,2021-05-20Sale,2021-05-215:49 pm,READING INTERNATIONAL INC,RDI,James J. Cotter Living Trust10% Owner,8,0,$6.0959,$48,767,1,452,649(Direct),View,,,
117,2021-05-19Sale,2021-05-215:52 pm,Twist Bioscience Corp,TWST,JOHANNESSEN JANDirector,5,0,$88.39,$441,950,39,202(Direct),View,,,,
118,2021-05-19Sale,2021-05-215:52 pm,Twist Bioscience Corp,TWST,Weiss PatrickCOO,4,905,$88.39,$433,553,149,567(Direct),View,,,,
119,2021-05-19Sale,2021-05-215:54 pm,DIODES INC,DIOD,LU KEH SHEWCEO,27,539,$73.85,$2,33,808,1,236,433(IndirectDirect),View,,
120,2021-05-19Sale,2021-05-216:13 pm,Squarespace Inc.,SQSP,Casalena AnthonyCEO10% Owner,430,102,$51.07,$21,964,406,825,930(Indirect),View,,,
121,2021-05-19Sale,2021-05-216:13 pm,Phathom Pharmaceuticals Inc.,PHAT,Socks David ADirector,40,0,$32.64,$1,305,506,1,301,048(Indirect),View,,
122,2021-05-20Sale,2021-05-216:13 pm,Squarespace Inc.,SQSP,KLEIN JONATHAN DDirector,50,0,$50.84,$2,542,250,838,502(Direct),View,,,
123,2021-05-20Sale,2021-05-216:18 pm,HEALTHEQUITY Inc,HQY,MOTT DARCY GSpecial Advisor,6,0,$77.25,$463,527,209,514(Direct),View,,,,
124,2021-05-20Sale,2021-05-216:18 pm,READING INTERNATIONAL INC,RDI,COTTER MARGARETChairman10% Owner,8,0,$6.0959,$48,767,2,297,481(IndirectDirect),View,,,
125,2021-05-21Sale,2021-05-216:27 pm,MediaAlpha Inc.,MAX,Yeh Kuanling AmySee Remarks,7,699,$39.61,$304,964,22,930(Direct),View,,,,
126,2021-05-19Sale,2021-05-216:30 pm,PEDEVCO CORP,PED,Clark MooreVP,53,514,$1.3363,$71,511,403,429(IndirectDirect),View,,,,
127,2021-05-21Sale,2021-05-216:40 pm,Walmart Inc.,WMT,Furner John R.VP,27,0,$141.83,$3,829,445,250,448(IndirectDirect),View,,,
128,2021-05-21Sale,2021-05-216:44 pm,Walmart Inc.,WMT,Brand Rachel LVP,7,500,$142.18,$1,66,328,156,670(Direct),View,,,
129,2021-05-19Sale,2021-05-216:45 pm,OMEROS CORP,OMER,Demopulos Gregory A MDCEOChairman,73,713,$16.02,$1,180,515,2,211,268(Direct),View,,
130,2021-05-20Sale,2021-05-217:01 pm,RingCentral Inc.,RNG,Shmunis VladimirCEOChairman,17,760,$256.91,$4,562,797,201,371(Direct),View,,,
131,2021-05-20Sale,2021-05-217:06 pm,Owl Rock Capital Corp,ORCC,REGENTS OF THE UNIVERSITY OF CALIFORNIA10% Owner,140,0,$14.37,$2,11,880,40,437,713(Direct),View,,
132,2021-05-19Sale,2021-05-217:08 pm,Walmart Inc.,WMT,WALTON JIM C10% Owner,2,653,252,$142.19,$377,257,755,1,363,420,371(IndirectDirect),View
133,2021-05-19Sale,2021-05-217:12 pm,Walmart Inc.,WMT,WALTON ALICE L10% Owner,2,653,252,$142.19,$377,257,755,1,359,661,827(IndirectDirect),View
134,2021-05-19Sale,2021-05-217:15 pm,Walmart Inc.,WMT,WALTON S ROBSONDirector10% Owner,2,653,252,$142.19,$377,257,755,1,356,129,358(IndirectDirect),View
135,2021-05-20Sale,2021-05-217:18 pm,ENSIGN GROUP INC,ENSG,Daniels Lee ADirector,983,$82.67,$81,265,45,969(Direct),View,,,,,
136,2021-05-21Sale,2021-05-217:23 pm,KRATOS DEFENSE & SECURITY SOLUTIONS Inc,KTOS,DEMARCO ERIC MCEO,10,0,$24.01,$240,83,440,000(IndirectDirect),View,,,,
137,2021-05-20Sale,2021-05-217:25 pm,TETRA TECH INC,TTEK,SHOEMAKER LESLIE LPresident,13,457,$118.81,$1,598,861,59,684(Direct),View,,,
138,2021-05-20Sale,2021-05-217:28 pm,DoorDash Inc.,DASH,Adarkar PrabirCFO,64,118,$136.7,$8,764,931,1,757,476(Direct),View,,
139,2021-05-21Sale,2021-05-217:29 pm,KRATOS DEFENSE & SECURITY SOLUTIONS Inc,KTOS,Goodwin Benjamin M.VP,2,157,$24.23,$52,267,23,873(IndirectDirect),View,,,,
140,2021-05-20Sale,2021-05-217:30 pm,DoorDash Inc.,DASH,Fang AndyDirector,6,722,$136.7,$918,897,10,385,685(IndirectDirect),View,,,
141,2021-05-20Sale,2021-05-217:31 pm,DoorDash Inc.,DASH,Lee Gordon SCAO,5,467,$136.72,$747,448,147,603(Direct),View,,,,
142,2021-05-20Sale,2021-05-217:32 pm,DoorDash Inc.,DASH,Payne Christopher DCOO,14,380,$136.67,$1,965,315,414,457(Direct),View,,,
143,2021-05-19Sale,2021-05-217:32 pm,Cloudflare Inc.,NET,Prince MatthewCEOChairman10% Owner,157,152,$72.77,$11,436,27,89,527,890(Indirect),View,,
144,2021-05-20Sale,2021-05-217:33 pm,DoorDash Inc.,DASH,Tang StanleyDirector,3,401,$136.72,$464,985,10,542,512(IndirectDirect),View,,,
145,2021-05-20Sale,2021-05-217:34 pm,DoorDash Inc.,DASH,Yandell KeithChief Business & Legal Officer,11,712,$136.67,$1,600,679,387,680(Direct),View,,,
146,2021-05-19Sale,2021-05-217:34 pm,Zendesk Inc.,ZEN,Abildgaard SorenVP,1,6,$130.27,$131,52,331(Direct),View,,,,,
147,2021-05-21Sale,2021-05-217:34 pm,KRATOS DEFENSE & SECURITY SOLUTIONS Inc,KTOS,Lund Deanna HCFO,8,181,$24.22,$198,162,261,730(Direct),View,,,,
148,2021-05-19Sale,2021-05-217:35 pm,Resonant Inc,RESN,Carberry MarybethVP,4,929,$2.7618,$13,613,78,692(Direct),View,,,,
149,2021-05-21Sale,2021-05-217:38 pm,KRATOS DEFENSE & SECURITY SOLUTIONS Inc,KTOS,Mendoza MarieVP,1,50,$24.3,$25,515,30,446(Direct),View,,,,
150,2021-05-19Sale,2021-05-217:38 pm,ZILLOW GROUP Inc,ZANDZG,Rock JenniferCAO,5,363,$109.53,$587,435,46,632(Direct),View,,,,
151,2021-05-19Sale,2021-05-217:39 pm,ZILLOW GROUP Inc,ZANDZG,Samuelson Errol GCIO,1,823,$106.89,$194,869,41,050(Direct),View,,,,
152,2021-05-19Sale,2021-05-217:39 pm,ZILLOW GROUP Inc,ZANDZG,Parker AllenCFO,3,164,$106.5,$336,968,81,709(Direct),View,,,,
153,2021-05-19Sale,2021-05-217:40 pm,ZILLOW GROUP Inc,ZANDZG,Prawer ArikPresident,7,402,$106.5,$788,308,101,528(Direct),View,,,,
154,2021-05-19Sale,2021-05-217:40 pm,TrueCar Inc.,TRUE,Thomas Charles C.VP,553,$4.5926,$2,540,67,273(Direct),View,,,,,
155,2021-05-19Sale,2021-05-217:40 pm,Resonant Inc,RESN,Kelly DylanCOO,2,606,$2.8,$7,297,88,225(Direct),View,,,,
156,2021-05-19Sale,2021-05-217:41 pm,ZILLOW GROUP Inc,ZANDZG,Humphries Stanley BCAO,30,93,$106.18,$3,195,248,198,790(Direct),View,,,
157,2021-05-19Sale,2021-05-217:41 pm,ZILLOW GROUP Inc,ZANDZG,Spaulding DanChief People Officer,839,$106.59,$89,426,22,166(Direct),View,,,,,
158,2021-05-19Sale,2021-05-217:41 pm,ZILLOW GROUP Inc,ZANDZG,Beitel David A.CTO,1,338,$106.48,$142,475,49,371(Direct),View,,,,
159,2021-05-19Sale,2021-05-217:41 pm,ZILLOW GROUP Inc,ZANDZG,Wacksman JeremyCOO,987,$106.6,$105,217,27,206(Direct),View,,,,,
160,2021-05-19Sale,2021-05-217:41 pm,ZILLOW GROUP Inc,ZANDZG,Johnson AimeeChief Marketing Officer,2,31,$106.5,$216,305,57,099(Direct),View,,,,
161,2021-05-19Sale,2021-05-217:43 pm,Mentor Capital Inc.,MNTR,Billingsley ChesterCEO10% Owner,208,0,$0.12,$24,960,3,421,570(Direct),View,,,
162,2021-05-20Sale,2021-05-217:45 pm,Athene Holding Ltd,ATH,Golden John LeonardVP,20,0,$61.83,$1,236,600,71,054(Direct),View,,,
163,2021-05-19Sale,2021-05-217:45 pm,Resonant Inc,RESN,Fenzi NealCTO,2,647,$2.7708,$7,334,547,887(Direct),View,,,,
164,2021-05-19Sale,2021-05-217:45 pm,GOLDEN ENTERTAINMENT Inc,GDEN,Marnell Anthony A. IIIDirector,25,0,$39.59,$989,764,68,418(Indirect),View,,,,
165,2021-05-19Sale,2021-05-217:49 pm,Zendesk Inc.,ZEN,McDermott AdrianCTO,1,290,$130.27,$168,48,85,321(Direct),View,,,,
166,2021-05-21Sale,2021-05-217:50 pm,CareDx Inc.,CDNA,Bickerstaff GeorgeDirector,10,0,$75.34,$753,373,60,938(Direct),View,,,,
167,2021-05-19Sale,2021-05-217:51 pm,Resonant Inc,RESN,MCDERMUT MARTIN SCFO,3,713,$2.8131,$10,445,179,460(IndirectDirect),View,,,,
168,2021-05-20Sale,2021-05-217:55 pm,QUALYS Inc,QLYS,POSEY BRUCE KVP,9,410,$98.25,$924,492,164,111(Direct),View,,,,
169,2021-05-19Sale,2021-05-218:01 pm,MCGRATH RENTCORP,MGRC,FETTER ELIZABETH ADirector,1,0,$82.88,$82,878,5,750(Direct),View,,,,
170,2021-05-19Sale,2021-05-218:05 pm,CARVANA CO.,CVNA,GARCIA ERNEST C. IIVERDE INVESTMENTS Inc10% Owner,40,0,$226.83,$9,73,144,168,127,609(IndirectDirect),View,,
171,2021-05-20Sale,2021-05-218:08 pm,CARVANA CO.,CVNA,GARCIA ERNEST C. IIVERDE INVESTMENTS Inc10% Owner,28,3,$234.42,$6,564,384,168,52,605(IndirectDirect),View,,
172,2021-05-20Sale,2021-05-218:10 pm,BLACKLINE Inc,BL,HIRSCH PETERCTO,4,339,$105.96,$459,760,38,405(Direct),View,,,,
173,2020-04-09Sale,2021-05-218:11 pm,Funko Inc.,FNKO,Daw Tracy DSEE REMARKS,30,431,$24.3,$739,354,78,888(Direct),View,,,,
174,2021-05-20Sale,2021-05-218:12 pm,CARVANA CO.,CVNA,GARCIA ERNEST C. IIVERDE INVESTMENTS Inc10% Owner,11,997,$240.73,$2,887,979,168,9,606(IndirectDirect),View,,
175,2021-05-20Sale,2021-05-218:13 pm,BLACKLINE Inc,BL,Huffman MarcCEO,3,541,$105.96,$375,204,125,807(Direct),View,,,,
176,2021-05-19Sale,2021-05-218:18 pm,Resonant Inc,RESN,Wolf Lisa GCAO,4,746,$2.7556,$13,78,140,306(IndirectDirect),View,,,,
177,2021-05-18Sale,2021-05-218:42 pm,Shift4 Payments Inc.,FOUR,Searchlight Capital Partners II GP LLCSearchlight Capital Partners II GP L.P.Searchlight Capital II PV L.P.Searchlight Capital II L.P.Searchlight II GWN L.P.Searchlight II GWN GP LLC10% Owner,236,335,$88.82,$20,991,865,8,648,823(Indirect),View,,
178,2021-05-20Sale,2021-05-218:45 pm,Sunrun Inc.,RUN,STEELE JEANNAGeneral Counsel,299,$45,$13,455,115,074(Direct),View,,,,,
179,2021-05-20Sale,2021-05-218:45 pm,Sunrun Inc.,RUN,vonReichbauer Thomas ArthurCFO,7,554,$44.88,$338,991,493,970(Direct),View,,,,
180,2021-05-19Sale,2021-05-218:58 pm,Facebook Inc,FB,Taylor Susan J.S.CAO,2,167,$303.83,$658,400,386(Direct),View,,,,,
181,2021-05-20Sale,2021-05-218:59 pm,Facebook Inc,FB,Newstead JenniferVP,250,$313.36,$78,340,9,890(Direct),View,,,,,
182,2021-05-20Sale,2021-05-218:59 pm,RADIAN GROUP INC,RDN,Mumford LisaDirector,4,0,$22.43,$89,740,8,657(Direct),View,,,,
183,2021-05-20Sale,2021-05-219:00 pm,ISSUER DIRECT CORP,ISDR,Everett William HDirector,1,750,$27.11,$47,443,28,036(Direct),View,,,,
184,2021-05-21Sale,2021-05-219:03 pm,DraftKings Inc.,DKNG,Park JasonCFO,53,350,$45.18,$2,410,362,668,230(Direct),View,,,
185,2021-05-19Sale,2021-05-219:05 pm,DoorDash Inc.,DASH,SVF Fast (Cayman) LtdSB INVESTMENT ADVISERS (UK) LTDSOFTBANK VISION FUND (AIV M2) L.P.10% Owner,8,0,0,$132.25,$1,58,0,0,54,973,485(Indirect),View
186,2021-05-20Sale,2021-05-219:05 pm,OCULAR THERAPEUTIX INC,OCUL,LINDSTROM RICHARD L MDDirector,10,0,$14.3,$143,0,90,000(Direct),View,,,,
187,2021-05-19Sale,2021-05-219:08 pm,Palantir Technologies Inc.,PLTR,Karp Alexander C.Director,1,915,887,$20.68,$39,618,248,258,269,040(Direct),View,
188,2021-05-20Sale,2021-05-219:10 pm,SPRUCE BIOSCIENCES Inc,SPRB,SIMPSON CAMILLA VDirector,334,$15.29,$5,107,11,673(Direct),View,,,,,
189,2021-05-21Sale,2021-05-219:38 pm,TTM TECHNOLOGIES INC,TTMI,Chung Tai KeungSee Remarks,6,493,$15.1,$98,44,44,254(Direct),View,,,,
190,2021-05-19Sale,2021-05-219:39 pm,Facebook Inc,FB,Wehner David M.CFO,9,607,$303.83,$2,918,895,26,400(IndirectDirect),View,,,
191,2021-05-19Sale,2021-05-219:46 pm,Ontrak Inc.,OTRK,PEIZER TERREN SAcuitas Group Holdings LLCChairman10% Owner,33,0,$31.48,$1,38,940,9,611,512(Indirect),View,,
192,2021-05-20Sale,2021-05-2406:24 am,Phathom Pharmaceuticals Inc.,PHAT,TAKEDA PHARMACEUTICAL CO LTD10% Owner,18,746,$35.5,$665,439,1,11,137(Direct),View,,,
193,2021-05-20Sale,2021-05-2408:49 am,SURMODICS INC,SRDX,Stich Joseph J.VP,2,500,$53.8,$134,506,44,776(Direct),View,,,,
194,2021-05-21Sale,2021-05-2408:51 am,BOSTON BEER CO INC,SAM,KOCH C JAMESChairman10% Owner,2,500,$1048.55,$2,621,366,285,407(IndirectDirect),View,,,
195,2021-05-20Sale,2021-05-2409:04 am,NOVANTA INC,NOVT,Glastra MatthijsCEO,7,500,$137.68,$1,32,606,112,833(Direct),View,,,
196,2021-05-21Sale,2021-05-2409:13 am,EVANS BANCORP INC,EVBN,MILLER ROBERT G JRDirector,3,0,$37.52,$112,560,76,761(Direct),View,,,,
197,2021-05-20Sale,2021-05-2409:45 am,METTLER TOLEDO INTERNATIONAL INC,MTD,SPOERRY ROBERT FDirector,2,0,$1280,$2,560,0,242,125(IndirectDirect),View,,,
198,2021-05-20Sale,2021-05-2409:49 am,1 800 FLOWERS COM INC,FLWS,MCCANN CHRISTOPHER GCEO10% Owner,35,700,$32.09,$1,145,613,1,744,335(IndirectDirect),View,,
199,2021-05-21Sale,2021-05-2409:52 am,Capital Bancorp Inc,CBNK,ASHMAN STEPHEN NDirector,14,979,$21.52,$322,402,398,401(IndirectDirect),View,,,,
200,2021-05-20Sale,2021-05-2409:54 am,AMPHENOL CORP,APH,Gavelle Jean-LucVP,150,0,$66.1,$9,914,730,233,000(Direct),View,,,
201,2021-05-20Sale,2021-05-2410:02 am,FS Bancorp Inc.,FSBW,COSTA DONN CVP,8,610,$70.3,$605,248,36,541(Direct),View,,,,
202,2021-05-19Sale,2021-05-2410:18 am,Home Federal Bancorp Inc. of Louisiana,HFBL,BARLOW JAMES RCEOChairman,205,$20.7,$4,244,300,793(IndirectDirect),View,,,,,
203,2021-05-20Sale,2021-05-2410:22 am,CENTRUS ENERGY CORP,LEU,Donelson John M ASVP Chief Marketing Officer,12,82,$22.93,$277,0,8,526(Direct),View,,,,
204,2021-05-21Sale,2021-05-2410:36 am,NEXTERA ENERGY INC,NEE,Caplan Deborah HVP,100,$75.16,$7,516,135,782(IndirectDirect),View,,,,,
205,2021-05-21Sale,2021-05-2411:13 am,RESMED INC,RMD,Hollingshead JamesPresident,2,400,$202.01,$484,824,80,738(Direct),View,,,,
206,2021-05-21Sale,2021-05-2411:15 am,ELI LILLY & Co,LLY,LILLY ENDOWMENT INC10% Owner,92,740,$200.58,$18,602,6,110,109,429(Direct),View,,
207,2021-05-20Sale,2021-05-2412:02 pm,NOBLE ROMANS INC,NROM,Stiller Robert P10% Owner,39,883,$0.4365,$17,409,2,716,151(Direct),View,,,
208,2021-05-21Sale,2021-05-2412:09 pm,Arcosa Inc.,ACA,GAFFORD RONALD JDirector,3,788,$62.14,$235,386,25,106(Direct),View,,,,
209,2021-05-21Sale,2021-05-2412:43 pm,WORLD ACCEPTANCE CORP,WRLD,Umstetter Luke J.VP,250,$155,$38,750,24,608(Direct),View,,,,,
210,2021-05-21Sale,2021-05-242:02 pm,Spirit of Texas Bancshares Inc.,STXB,Kidd Steven GregoryDirector10% Owner,50,133,$23.05,$1,155,435,1,856,722(IndirectDirect),View,,
211,2021-05-20Sale,2021-05-242:18 pm,Switch Inc.,SWCH,ROY STELLA10% Owner,175,90,$19.07,$3,338,966,274,400(IndirectDirect),View,,,
212,2021-05-21Sale,2021-05-242:32 pm,SYNOPSYS INC,SNPS,Logan Joseph WSales & Corp Mktg Officer,6,54,$246.4,$1,491,730,104,611(Direct),View,,,
213,2021-05-21Sale,2021-05-242:32 pm,SYNOPSYS INC,SNPS,CHAN CHI-FOONCEO,7,40,$242.96,$1,710,448,176,834(Direct),View,,,
214,2021-05-21Sale,2021-05-242:33 pm,SYNOPSYS INC,SNPS,CHAFFIN JANICEDirector,7,111,$242.93,$1,727,472,18,295(Direct),View,,,
215,2021-05-24Sale,2021-05-242:39 pm,CRAWFORD & CO,CRDACRDB,Hoberman Michael JVP,4,950,$9.676,$47,896,16,276(Direct),View,,,,
216,2021-05-20Sale,2021-05-243:01 pm,PROGRESSIVE CORP,PGR,Sauerland John PCFO,12,0,$99.17,$1,190,40,322,849(IndirectDirect),View,,,
217,2021-05-20Sale,2021-05-243:29 pm,PROGRESSIVE CORP,PGR,Griffith Susan PatriciaCEO,40,578,$99.17,$4,24,120,535,678(IndirectDirect),View,,,
218,2021-05-21Sale,2021-05-243:30 pm,MERIT MEDICAL SYSTEMS INC,MMSI,Wright JosephPresident,15,0,$62.03,$930,450,161,089(Direct),View,,,,
219,2021-05-20Sale,2021-05-243:35 pm,Quarta-Rad Inc.,QURT,Shvetsky VictorCEO10% Owner,100,$1.07,$107,12,319,983(Direct),View,,,,,
220,2021-05-21Sale,2021-05-243:45 pm,PetIQ Inc.,PETQ,Newland JohnCFO,4,500,$40.1,$180,450,67,682(Direct),View,,,,